regime_id,regime_name,w_SPXT,w_LUATTRUU,w_LF98TRUU,w_BCOMTR,w_MXEF,w_BCIT1T,w_DXY,w_NEIXCTAT,w_M1WOSC,w_M1WO000V,w_M1WOMOM,w_M1WOQU,w_M1WOMVOL,w_DBFXCARU
0,Crisis,0.0,0.04561669603353933,0.0,0.3005200201251836,0.0,0.06802518848482568,0.0,0.585838095356451,0.0,0.0,0.0,0.0,0.0,5.431438189344185e-16
1,Inflation,0.0,0.5076977154295319,8.133897687249082e-16,6.658681415858255e-16,2.6649598411335034e-16,0.0,0.43195950756207346,3.0710292030832236e-16,0.0,0.0,3.514664105956425e-17,0.0,0.0,0.060342777008392606
2,Steady State,0.14529032855914126,0.020548537957630578,0.020976301464495556,0.003924681507569979,0.02599245030485745,0.0,0.0,0.007151080625175229,0.03695066685554108,0.07439100868976871,0.017695188071250072,0.11917887802862762,0.13138721756538774,0.39651366037055474
3,Walking on Ice,0.09555816386424153,0.06368253591491714,0.029460489857466323,0.0008021260373112112,0.04555402732909322,6.516668022360595e-13,0.0,8.679091576692051e-17,0.0605521390796755,0.07307620116952887,0.05434162655732463,0.11448991406426366,0.09389955281705424,0.36858322330847193
4,Bull Market,0.03439048724671743,0.041074351113542955,0.018997709463848912,0.025024791048454953,0.028848809204214163,0.0009102157613802865,0.0003690783425154197,0.027207428852234355,0.03257682266843057,0.0675209600740232,0.02786116938642046,0.08732531239263472,0.05354173277624962,0.5543511316693329
