regime_id,regime_name,w_SPXT,w_LUATTRUU,w_BCOMTR
0,Crisis,3.7841924754445693e-19,0.13178790489434844,0.8682120951056516
1,Inflation,0.0,0.9999999999999964,3.608224830031758e-15
2,Steady State,0.8558393237166507,0.12104212114655487,0.023118555136794394
3,Walking on Ice,0.5970788757434445,0.39790932604407614,0.005011798212479282
4,Bull Market,0.3422291434574808,0.4087417762423238,0.2490290803001954
