regime_id,regime_name,w_SPXT,w_LUATTRUU,w_BCOMTR
0,Bear,0.0,3.330669073875468e-16,0.9999999999999996
1,Neutral,0.21013129702503291,0.5012657776281021,0.28860292534686505
2,Bull,0.08424292182604744,0.7594844849589628,0.15627259321498976
