regime_id,regime_name,w_SPXT,w_LUATTRUU,w_LF98TRUU,w_BCOMTR,w_MXEF,w_BCIT1T,w_DXY,w_NEIXCTAT,w_M1WOSC,w_M1WO000V,w_M1WOMOM,w_M1WOQU,w_M1WOMVOL,w_DBFXCARU
0,Crisis,1.1020189856189037e-15,0.5177035947940358,5.787778212541649e-18,0.0,0.0,0.0931242258923783,3.412848096644839e-15,0.389172179313579,0.0,1.354197980940211e-16,0.0,0.0,0.0,2.04059780191372e-15
1,Inflation,0.0,0.16675302998436733,0.0,0.032964460364049,0.0,0.00020256298767461634,0.10944540774187747,0.0,0.0,0.0,0.0,0.0,0.0,0.6906345389220315
2,Steady State,0.0,0.22685742005483345,0.09757062713794785,0.07597583242114116,0.03885785719284116,0.005709369176206581,0.0,0.07001556258918343,0.0,0.0,0.01569013689287736,0.0,0.0,0.469323194534969
3,Walking on Ice,3.7501348464537025e-12,0.22902921965413864,2.2235360362938145e-12,0.010200622706453947,3.700602689359002e-12,0.0,3.2103470950966946e-12,0.062400288302667736,0.13110217129760765,0.09163027669509248,0.13089368868938409,3.7960955329075e-12,3.8245814627863465e-12,0.3447437326341502
