regime_id,regime_name,w_SPXT,w_LUATTRUU,w_BCOMTR
0,Crisis,0.0,0.7053779808831662,0.2946220191168339
1,Inflation,2.7985920612537675e-17,0.8238727224342439,0.17612727756575614
2,Steady State,0.1113826278140375,0.6726954108780409,0.21592196130792168
3,Walking on Ice,0.4274180885587193,0.5725819114412807,1.6856831489880413e-17
